日期,板块,热度分,置信度,股票代码,股票名称,匹配线索
20260405,低空经济,1.2999999999999998,观察,000547,航天发展,无人机|航空|航天|飞行
20260405,低空经济,1.2999999999999998,观察,000901,航天科技,无人机|航空|航天|飞行
20260405,低空经济,1.2999999999999998,观察,002025,航天电器,无人机|航空|航天|飞行
20260405,低空经济,1.2999999999999998,观察,002389,航天彩虹,无人机|航空|航天|飞行
20260405,低空经济,1.2999999999999998,观察,002928,华夏航空,无人机|航空|航天|飞行
20260405,低空经济,1.2999999999999998,观察,300446,航天智造,无人机|航空|航天|飞行
20260405,低空经济,1.2999999999999998,观察,300455,航天智装,无人机|航空|航天|飞行
20260405,低空经济,1.2999999999999998,观察,300581,晨曦航空,无人机|航空|航天|飞行
20260405,低空经济,1.2999999999999998,观察,300900,广联航空,无人机|航空|航天|飞行
20260405,低空经济,1.2999999999999998,观察,600029,南方航空,无人机|航空|航天|飞行
20260405,算力,1.2,观察,000586,汇源通信,服务器|数据|通信|光模块
20260405,算力,1.2,观察,002115,三维通信,服务器|数据|通信|光模块
20260405,算力,1.2,观察,002335,科华数据,服务器|数据|通信|光模块
20260405,算力,1.2,观察,002446,盛路通信,服务器|数据|通信|光模块
20260405,算力,1.2,观察,002465,海格通信,服务器|数据|通信|光模块
20260405,算力,1.2,观察,300136,信维通信,服务器|数据|通信|光模块
20260405,算力,1.2,观察,300394,天孚通信,服务器|数据|通信|光模块
20260405,算力,1.2,观察,300590,移为通信,服务器|数据|通信|光模块
20260405,算力,1.2,观察,300597,吉大通信,服务器|数据|通信|光模块
20260405,算力,1.2,观察,300711,广哈通信,服务器|数据|通信|光模块
20260405,跨境出海,1.2,观察,001872,招商港口,跨境|电商|物流|港口
20260405,跨境出海,1.2,观察,002127,南极电商,跨境|电商|物流|港口
20260405,跨境出海,1.2,观察,002640,跨境通,跨境|电商|物流|港口
20260405,跨境出海,1.2,观察,300013,新宁物流,跨境|电商|物流|港口
20260405,跨境出海,1.2,观察,600125,铁龙物流,跨境|电商|物流|港口
20260405,跨境出海,1.2,观察,600603,广汇物流,跨境|电商|物流|港口
20260405,跨境出海,1.2,观察,601156,东航物流,跨境|电商|物流|港口
20260405,跨境出海,1.2,观察,603117,万林物流,跨境|电商|物流|港口
20260405,跨境出海,1.2,观察,603128,华贸物流,跨境|电商|物流|港口
20260405,跨境出海,1.2,观察,603565,中谷物流,跨境|电商|物流|港口
20260405,军工,1.1,观察,000547,航天发展,军工|航天|船舶|电子
20260405,军工,1.1,观察,000561,烽火电子,军工|航天|船舶|电子
20260405,军工,1.1,观察,000682,东方电子,军工|航天|船舶|电子
20260405,军工,1.1,观察,000823,超声电子,军工|航天|船舶|电子
20260405,军工,1.1,观察,000901,航天科技,军工|航天|船舶|电子
20260405,军工,1.1,观察,001388,信通电子,军工|航天|船舶|电子
20260405,军工,1.1,观察,002025,航天电器,军工|航天|船舶|电子
20260405,军工,1.1,观察,002036,联创电子,军工|航天|船舶|电子
20260405,军工,1.1,观察,002052,同洲电子,军工|航天|船舶|电子
20260405,军工,1.1,观察,002119,康强电子,军工|航天|船舶|电子
